# Weather station Rohtak, India, WMO_ID=42176,selection from 31.07.2017 till 31.12.2017, all days
# Encoding: UTF-8
# The data is provided by the website "Reliable Prognosis", rp5.ru 
# If you use the data, please indicate the name of the website.
# For meteorological parameters see the address http://rp5.ru/archive.php?wmo_id=42176&lang=en
#
"Local time in Rohtak";"T";"Po";"P";"Pa";"U";"DD";"Ff";"ff10";"ff3";"N";"WW";"W1";"W2";"Tn";"Tx";"Cl";"Nh";"H";"Cm";"Ch";"VV";"Td";"RRR";"tR";"E";"Tg";"E'";"sss"
"31.12.2017 17:30";"18.0";"739.9";"759.4";"";"94";"Wind blowing from the north";"1";"";"";"no clouds";"Mist. ";"Cloud covering 1/2 or less of the sky throughout the appropriate period.";"Cloud covering 1/2 or less of the sky throughout the appropriate period.";"";"21.2";"";"";"";"";"";"1.0";"17.0";"";"";"";"";"";"";
"31.12.2017 08:30";"7.4";"743.3";"763.7";"";"94";"Wind blowing from the south-southeast";"1";"";"";"no clouds";"Fog or ice fog, sky invisible, no appreciable change during the preceding hour. ";"Fog or ice fog or thick haze.";"Fog or ice fog or thick haze.";"5.6";"";"";"";"";"";"";"less than 0.05";"6.5";"";"";"";"";"";"";
"30.12.2017 17:30";"20.0";"742.3";"761.8";"";"76";"Wind blowing from the north-west";"1";"";"";"no clouds";"Haze. ";"Cloud covering 1/2 or less of the sky throughout the appropriate period.";"Cloud covering 1/2 or less of the sky throughout the appropriate period.";"";"22.4";"";"";"";"";"";"2.0";"15.6";"";"";"";"";"";"";
"30.12.2017 08:30";"9.2";"742.9";"763.1";"";"97";"Wind blowing from the north-west";"1";"";"";"no clouds";"Haze. ";"Cloud covering 1/2 or less of the sky throughout the appropriate period.";"Cloud covering 1/2 or less of the sky throughout the appropriate period.";"6.5";"";"";"";"";"";"";"2.0";"8.8";"";"";"";"";"";"";
"29.12.2017 17:30";"21.0";"744.1";"763.5";"";"68";"Wind blowing from the north-west";"1";"";"";"no clouds";"Haze. ";"Cloud covering 1/2 or less of the sky throughout the appropriate period.";"Cloud covering 1/2 or less of the sky throughout the appropriate period.";"";"23.9";"";"";"";"";"";"2.0";"14.9";"";"";"";"";"";"";
"29.12.2017 08:30";"10.0";"743.2";"763.4";"";"96";"Wind blowing from the west";"1";"";"";"no clouds";"Haze. ";"Cloud covering 1/2 or less of the sky throughout the appropriate period.";"Cloud covering 1/2 or less of the sky throughout the appropriate period.";"6.7";"";"";"";"";"";"";"2.0";"9.4";"";"";"";"";"";"";
"28.12.2017 17:30";"21.4";"742.4";"761.8";"";"65";"Wind blowing from the west";"1";"";"";"10%  or less, but not 0";"Haze. ";"Cloud covering 1/2 or less of the sky throughout the appropriate period.";"Cloud covering 1/2 or less of the sky throughout the appropriate period.";"";"24.0";"No Stratocumulus, Stratus, Cumulus or Cumulonimbus.";"no clouds";"2500 or more, or no clouds.";"No Altocumulus, Altostratus or Nimbostratus.";"Cirrus fibratus, sometimes uncinus, not progressively invading the sky.";"2.0";"14.6";"";"";"";"";"";"";
"28.12.2017 08:30";"9.0";"743.3";"763.6";"";"97";"Wind blowing from the south";"1";"";"";"no clouds";"Haze. ";"Cloud covering 1/2 or less of the sky throughout the appropriate period.";"Cloud covering 1/2 or less of the sky throughout the appropriate period.";"6.2";"";"";"";"";"";"";"1.0";"8.6";"";"";"";"";"";"";
"27.12.2017 17:30";"21.4";"742.0";"761.4";"";"65";"Wind blowing from the west";"1";"";"";"40%.";"Haze. ";"Cloud covering 1/2 or less of the sky throughout the appropriate period.";"Cloud covering 1/2 or less of the sky throughout the appropriate period.";"";"24.8";"No Stratocumulus, Stratus, Cumulus or Cumulonimbus.";"no clouds";"2500 or more, or no clouds.";"No Altocumulus, Altostratus or Nimbostratus.";"Cirrus fibratus, sometimes uncinus, not progressively invading the sky.";"2.0";"14.6";"";"";"";"";"";"";
"27.12.2017 08:30";"9.2";"743.4";"763.6";"";"95";"Wind blowing from the south-west";"1";"";"";"10%  or less, but not 0";"Haze. ";"Cloud covering 1/2 or less of the sky throughout the appropriate period.";"Cloud covering 1/2 or less of the sky throughout the appropriate period.";"6.3";"";"No Stratocumulus, Stratus, Cumulus or Cumulonimbus.";"no clouds";"2500 or more, or no clouds.";"No Altocumulus, Altostratus or Nimbostratus.";"Cirrus fibratus, sometimes uncinus, not progressively invading the sky.";"2.0";"8.4";"";"";"";"";"";"";
"26.12.2017 17:30";"19.8";"742.3";"761.8";"";"71";"Wind blowing from the west";"1";"";"";"10%  or less, but not 0";"Haze. ";"Cloud covering 1/2 or less of the sky throughout the appropriate period.";"Cloud covering 1/2 or less of the sky throughout the appropriate period.";"";"22.5";"No Stratocumulus, Stratus, Cumulus or Cumulonimbus.";"no clouds";"2500 or more, or no clouds.";"No Altocumulus, Altostratus or Nimbostratus.";"Cirrus fibratus, sometimes uncinus, not progressively invading the sky.";"2.0";"14.3";"";"";"";"";"";"";
"26.12.2017 08:30";"9.4";"";"763.6";"";"92";"Wind blowing from the south";"1";"";"";"50%.";"Haze. ";"Cloud covering 1/2 or less of the sky throughout the appropriate period.";"Cloud covering 1/2 or less of the sky throughout the appropriate period.";"6.4";"";"No Stratocumulus, Stratus, Cumulus or Cumulonimbus.";"no clouds";"2500 or more, or no clouds.";"No Altocumulus, Altostratus or Nimbostratus.";"Cirrus fibratus, sometimes uncinus, not progressively invading the sky.";"2.0";"8.2";"";"";"";"";"";"";
"25.12.2017 17:30";"19.8";"";"761.7";"";"74";"Wind blowing from the west";"1";"";"";"no clouds";"Haze. ";"Cloud covering 1/2 or less of the sky throughout the appropriate period.";"Cloud covering 1/2 or less of the sky throughout the appropriate period.";"";"22.4";"";"";"";"";"";"2.0";"15.1";"";"";"";"";"";"";
"24.12.2017 17:30";"21.0";"";"764.4";"";"67";"Wind blowing from the north";"1";"";"";"no clouds";"Haze. ";"Cloud covering 1/2 or less of the sky throughout the appropriate period.";"Cloud covering 1/2 or less of the sky throughout the appropriate period.";"";"24.8";"";"";"";"";"";"4.0";"14.5";"";"";"";"";"";"";
"24.12.2017 08:30";"6.9";"";"763.5";"";"93";"Wind blowing from the south";"1";"";"";"no clouds";"Mist. ";"Cloud covering 1/2 or less of the sky throughout the appropriate period.";"Cloud covering 1/2 or less of the sky throughout the appropriate period.";"5.4";"";"";"";"";"";"";"2.0";"5.9";"";"";"";"";"";"";
"23.12.2017 17:30";"22.2";"";"760.3";"";"65";"Wind blowing from the south";"1";"";"";"no clouds";"Haze. ";"Cloud covering 1/2 or less of the sky throughout the appropriate period.";"Cloud covering 1/2 or less of the sky throughout the appropriate period.";"";"23.3";"";"";"";"";"";"2.0";"15.2";"";"";"";"";"";"";
"23.12.2017 08:30";"12.0";"";"761.5";"";"81";"Wind blowing from the south";"1";"";"";"no clouds";"Haze. ";"Cloud covering 1/2 or less of the sky throughout the appropriate period.";"Cloud covering 1/2 or less of the sky throughout the appropriate period.";"9.8";"";"";"";"";"";"";"2.0";"8.8";"";"";"";"";"";"";
"22.12.2017 17:30";"21.8";"";"762.4";"";"68";"Wind blowing from the west";"1";"";"";"10%  or less, but not 0";"Haze. ";"Cloud covering 1/2 or less of the sky throughout the appropriate period.";"Cloud covering 1/2 or less of the sky throughout the appropriate period.";"";"24.3";"No Stratocumulus, Stratus, Cumulus or Cumulonimbus.";"no clouds";"2500 or more, or no clouds.";"No Altocumulus, Altostratus or Nimbostratus.";"Cirrus fibratus, sometimes uncinus, not progressively invading the sky.";"2.0";"15.5";"";"";"";"";"";"";
"22.12.2017 08:30";"13.4";"";"764.1";"";"88";"Wind blowing from the north-west";"1";"";"";"10%  or less, but not 0";"Haze. ";"Cloud covering 1/2 or less of the sky throughout the appropriate period.";"Cloud covering 1/2 or less of the sky throughout the appropriate period.";"12.2";"";"No Stratocumulus, Stratus, Cumulus or Cumulonimbus.";"no clouds";"2500 or more, or no clouds.";"No Altocumulus, Altostratus or Nimbostratus.";"Cirrus fibratus, sometimes uncinus, not progressively invading the sky.";"2.0";"11.5";"";"";"";"";"";"";
"21.12.2017 17:30";"21.0";"";"764.0";"";"65";"Wind blowing from the west";"1";"";"";"20–30%.";"Haze. ";"Cloud covering more than 1/2 of the sky throughout the appropriate period.";"Cloud covering more than 1/2 of the sky during part of the appropriate period and covering 1/2 or less during part of the period.";"";"24.8";"No Stratocumulus, Stratus, Cumulus or Cumulonimbus.";"no clouds";"2500 or more, or no clouds.";"No Altocumulus, Altostratus or Nimbostratus.";"Cirrus fibratus, sometimes uncinus, not progressively invading the sky.";"2.0";"14.1";"";"";"";"";"";"";
"21.12.2017 08:30";"11.6";"";"";"";"92";"Wind blowing from the north-west";"1";"";"";"60%.";"Haze. ";"Cloud covering more than 1/2 of the sky during part of the appropriate period and covering 1/2 or less during part of the period.";"Cloud covering more than 1/2 of the sky throughout the appropriate period.";"10.2";"";"No Stratocumulus, Stratus, Cumulus or Cumulonimbus.";"40%.";"2500 or more, or no clouds.";"Altocumulus translucidus at a single level.";"No Cirrus, Cirrocumulus or Cirrostratus.";"2.0";"10.4";"";"";"";"";"";"";
"20.12.2017 17:30";"21.4";"";"";"";"69";"Wind blowing from the north-west";"1";"";"";"60%.";"Haze. ";"Cloud covering more than 1/2 of the sky during part of the appropriate period and covering 1/2 or less during part of the period.";"Cloud covering more than 1/2 of the sky throughout the appropriate period.";"";"22.8";"No Stratocumulus, Stratus, Cumulus or Cumulonimbus.";"60%.";"2500 or more, or no clouds.";"Altocumulus translucidus in bands, or one or more layers of Altocumulus translucidus or opacus, progressively invading the sky; these Altocumulus clouds generally thicken as a whole.";"No Cirrus, Cirrocumulus or Cirrostratus.";"2.0";"15.4";"";"";"";"";"";"";
"19.12.2017 17:30";"20.2";"";"";"";"71";"Wind blowing from the west";"1";"";"";"50%.";"Haze. ";"Cloud covering more than 1/2 of the sky throughout the appropriate period.";"Cloud covering more than 1/2 of the sky during part of the appropriate period and covering 1/2 or less during part of the period.";"";"23.4";"No Stratocumulus, Stratus, Cumulus or Cumulonimbus.";"50%.";"2500 or more, or no clouds.";"Patches (often lenticular) of Altocumulus translucidus, continually changing and occurring at one or more levels.";"No Cirrus, Cirrocumulus or Cirrostratus.";"2.0";"14.8";"";"";"";"";"";"";
"19.12.2017 08:30";"10.0";"";"";"";"85";"Wind blowing from the west";"1";"";"";"50%.";"Haze. ";"Cloud covering more than 1/2 of the sky during part of the appropriate period and covering 1/2 or less during part of the period.";"Cloud covering more than 1/2 of the sky during part of the appropriate period and covering 1/2 or less during part of the period.";"8.7";"";"No Stratocumulus, Stratus, Cumulus or Cumulonimbus.";"50%.";"2500 or more, or no clouds.";"Patches (often lenticular) of Altocumulus translucidus, continually changing and occurring at one or more levels.";"No Cirrus, Cirrocumulus or Cirrostratus.";"2.0";"7.5";"";"";"";"";"";"";
"18.12.2017 17:30";"21.8";"";"";"";"58";"Wind blowing from the west";"1";"";"";"no clouds";"Haze. ";"Cloud covering 1/2 or less of the sky throughout the appropriate period.";"Cloud covering 1/2 or less of the sky throughout the appropriate period.";"";"24.4";"";"";"";"";"";"2.0";"13.1";"";"";"";"";"";"";
"18.12.2017 08:30";"11.0";"";"";"";"78";"Wind blowing from the west";"1";"";"";"no clouds";"Haze. ";"Cloud covering 1/2 or less of the sky throughout the appropriate period.";"Cloud covering 1/2 or less of the sky throughout the appropriate period.";"9.7";"";"";"";"";"";"";"2.0";"7.3";"";"";"";"";"";"";
"17.12.2017 17:30";"19.0";"";"";"";"65";"Wind blowing from the west";"1";"";"";"no clouds";"Haze. ";"Cloud covering 1/2 or less of the sky throughout the appropriate period.";"Cloud covering 1/2 or less of the sky throughout the appropriate period.";"";"21.0";"";"";"";"";"";"2.0";"12.2";"";"";"";"";"";"";
"15.12.2017 17:30";"15.0";"";"";"";"79";"Wind blowing from the west";"1";"";"";"40%.";"Haze. ";"Cloud covering 1/2 or less of the sky throughout the appropriate period.";"Cloud covering 1/2 or less of the sky throughout the appropriate period.";"";"17.2";"No Stratocumulus, Stratus, Cumulus or Cumulonimbus.";"40%.";"2500 or more, or no clouds.";"Altostratus opacus or Nimbostratus.";"Cirrus fibratus, sometimes uncinus, not progressively invading the sky.";"2.0";"11.3";"";"";"";"";"";"";
"15.12.2017 08:30";"9.2";"";"";"";"89";"Wind blowing from the west";"1";"";"";"60%.";"Haze. ";"Cloud covering more than 1/2 of the sky throughout the appropriate period.";"Cloud covering more than 1/2 of the sky during part of the appropriate period and covering 1/2 or less during part of the period.";"8.2";"";"No Stratocumulus, Stratus, Cumulus or Cumulonimbus.";"60%.";"2500 or more, or no clouds.";"Patches (often lenticular) of Altocumulus translucidus, continually changing and occurring at one or more levels.";"No Cirrus, Cirrocumulus or Cirrostratus.";"2.0";"7.5";"";"";"";"";"";"";
"14.12.2017 17:30";"15.2";"";"";"";"81";"Wind blowing from the west";"1";"";"";"no clouds";"Haze. ";"Cloud covering 1/2 or less of the sky throughout the appropriate period.";"Cloud covering 1/2 or less of the sky throughout the appropriate period.";"";"17.5";"";"";"";"";"";"2.0";"11.9";"";"";"";"";"";"";
"14.12.2017 08:30";"11.0";"";"";"";"90";"Wind blowing from the west";"1";"";"";"40%.";"Haze. ";"Cloud covering 1/2 or less of the sky throughout the appropriate period.";"Cloud covering 1/2 or less of the sky throughout the appropriate period.";"9.7";"";"No Stratocumulus, Stratus, Cumulus or Cumulonimbus.";"40%.";"2500 or more, or no clouds.";"Altostratus opacus or Nimbostratus.";"Cirrus fibratus, sometimes uncinus, not progressively invading the sky.";"2.0";"9.4";"";"";"";"";"";"";
"13.12.2017 17:30";"16.0";"";"";"";"87";"Wind blowing from the west";"1";"";"";"no clouds";"Haze. ";"Cloud covering 1/2 or less of the sky throughout the appropriate period.";"Cloud covering 1/2 or less of the sky throughout the appropriate period.";"";"18.4";"";"";"";"";"";"2.0";"13.9";"";"";"";"";"";"";
"12.12.2017 17:30";"16.4";"";"";"";"85";"Wind blowing from the west";"1";"";"";"no clouds";"Haze. ";"Cloud covering 1/2 or less of the sky throughout the appropriate period.";"Cloud covering 1/2 or less of the sky throughout the appropriate period.";"";"17.2";"";"";"";"";"";"2.0";"13.9";"";"";"";"";"";"";
"11.12.2017 08:30";"12.8";"";"";"";"86";"Wind blowing from the north";"1";"";"";"no clouds";"Haze. ";"Cloud covering 1/2 or less of the sky throughout the appropriate period.";"Cloud covering 1/2 or less of the sky throughout the appropriate period.";"7.9";"";"";"";"";"";"";"1.0";"10.5";"";"";"";"";"";"";
"10.12.2017 17:30";"18.8";"";"";"";"89";"Wind blowing from the west";"1";"";"";"no clouds";"Haze. ";"Cloud covering 1/2 or less of the sky throughout the appropriate period.";"Cloud covering 1/2 or less of the sky throughout the appropriate period.";"";"28.5";"";"";"";"";"";"2.0";"17.0";"";"";"";"";"";"";
"10.12.2017 08:30";"8.8";"";"";"";"89";"Wind blowing from the south";"1";"";"";"no clouds";"Haze. ";"Cloud covering 1/2 or less of the sky throughout the appropriate period.";"Cloud covering 1/2 or less of the sky throughout the appropriate period.";"6.4";"";"";"";"";"";"";"2.0";"7.1";"";"";"";"";"";"";
"09.12.2017 17:30";"20.0";"";"";"";"71";"Wind blowing from the west";"1";"";"";"no clouds";" ";"";"";"";"26.0";"";"";"";"";"";"4.0";"14.6";"";"";"";"";"";"";
"09.12.2017 08:30";"10.6";"";"";"";"68";"Wind blowing from the south";"1";"";"";"no clouds";"Haze. ";"Cloud covering 1/2 or less of the sky throughout the appropriate period.";"Cloud covering 1/2 or less of the sky throughout the appropriate period.";"6.7";"";"";"";"";"";"";"2.0";"4.9";"";"";"";"";"";"";
"08.12.2017 17:30";"20.8";"";"";"";"51";"Wind blowing from the west";"1";"";"";"no clouds";" ";"";"";"";"24.8";"";"";"";"";"";"4.0";"10.1";"";"";"";"";"";"";
"08.12.2017 08:30";"12.2";"";"";"";"52";"Wind blowing from the south";"1";"";"";"no clouds";" ";"";"";"8.7";"";"";"";"";"";"";"4.0";"2.6";"";"";"";"";"";"";
"07.12.2017 17:30";"19.8";"";"";"";"49";"Wind blowing from the west";"1";"";"";"no clouds";" ";"";"";"";"23.2";"";"";"";"";"";"4.0";"8.8";"";"";"";"";"";"";
"06.12.2017 17:30";"21.8";"";"";"";"43";"Wind blowing from the west";"1";"";"";"50%.";"Haze. ";"Cloud covering 1/2 or less of the sky throughout the appropriate period.";"Cloud covering 1/2 or less of the sky throughout the appropriate period.";"";"23.8";"No Stratocumulus, Stratus, Cumulus or Cumulonimbus.";"50%.";"2500 or more, or no clouds.";"Altocumulus translucidus at a single level.";"Cirrus fibratus, sometimes uncinus, not progressively invading the sky.";"2.0";"8.6";"";"";"";"";"";"";
"06.12.2017 08:30";"15.2";"";"";"";"55";"Wind blowing from the west";"1";"";"";"50%.";"Haze. ";"Cloud covering 1/2 or less of the sky throughout the appropriate period.";"Cloud covering 1/2 or less of the sky throughout the appropriate period.";"12.5";"";"No Stratocumulus, Stratus, Cumulus or Cumulonimbus.";"50%.";"2500 or more, or no clouds.";"Altocumulus translucidus at a single level.";"No Cirrus, Cirrocumulus or Cirrostratus.";"2.0";"6.1";"";"";"";"";"";"";
"05.12.2017 17:30";"20.4";"";"";"";"53";"Wind blowing from the west";"1";"";"";"90  or more, but not 100%";"Haze. ";"Cloud covering 1/2 or less of the sky throughout the appropriate period.";"Cloud covering 1/2 or less of the sky throughout the appropriate period.";"";"23.4";"No Stratocumulus, Stratus, Cumulus or Cumulonimbus.";"90  or more, but not 100%";"2500 or more, or no clouds.";"Altocumulus translucidus at a single level.";"Cirrus spissatus, in patches or entangled sheaves, which usually do not increase and sometimes seem to be the remains of the upper part of a Cumulonimbus; or Cirrus castellanus or floccus.";"2.0";"10.5";"";"";"";"";"";"";
"05.12.2017 08:30";"15.8";"";"";"";"73";"Wind blowing from the west";"1";"";"";"90  or more, but not 100%";"Haze. ";"Cloud covering 1/2 or less of the sky throughout the appropriate period.";"Cloud covering 1/2 or less of the sky throughout the appropriate period.";"12.6";"";"No Stratocumulus, Stratus, Cumulus or Cumulonimbus.";"90  or more, but not 100%";"2500 or more, or no clouds.";"Altocumulus translucidus at a single level.";"Cirrus fibratus, sometimes uncinus, not progressively invading the sky.";"2.0";"10.9";"";"";"";"";"";"";
"04.12.2017 17:30";"20.0";"";"";"";"57";"Wind blowing from the north";"1";"";"";"50%.";" ";"";"";"";"24.4";"No Stratocumulus, Stratus, Cumulus or Cumulonimbus.";"50%.";"2500 or more, or no clouds.";"Altocumulus translucidus at a single level.";"No Cirrus, Cirrocumulus or Cirrostratus.";"2.0";"11.3";"";"";"";"";"";"";
"03.12.2017 17:30";"21.8";"";"";"";"55";"Wind blowing from the north";"1";"";"";"70 – 80%.";" ";"";"";"";"25.4";"No Stratocumulus, Stratus, Cumulus or Cumulonimbus.";"50%.";"2500 or more, or no clouds.";"Altocumulus translucidus at a single level.";"Cirrus fibratus, sometimes uncinus, not progressively invading the sky.";"4.0";"12.3";"";"";"";"";"";"";
"03.12.2017 08:30";"11.0";"";"";"";"79";"Wind blowing from the north";"1";"";"";"50%.";"Haze. ";"Cloud covering 1/2 or less of the sky throughout the appropriate period.";"Cloud covering 1/2 or less of the sky throughout the appropriate period.";"6.7";"";"No Stratocumulus, Stratus, Cumulus or Cumulonimbus.";"50%.";"2500 or more, or no clouds.";"Altocumulus translucidus at a single level.";"No Cirrus, Cirrocumulus or Cirrostratus.";"2.0";"7.5";"";"";"";"";"";"";
"02.12.2017 17:30";"19.0";"";"";"";"54";"Wind blowing from the west";"1";"";"";"no clouds";"Haze. ";"Cloud covering 1/2 or less of the sky throughout the appropriate period.";"Cloud covering 1/2 or less of the sky throughout the appropriate period.";"";"27.8";"";"";"";"";"";"2.0";"9.4";"";"";"";"";"";"";
"02.12.2017 08:30";"9.8";"";"";"";"72";"Wind blowing from the west";"1";"";"";"no clouds";"Haze. ";"Cloud covering 1/2 or less of the sky throughout the appropriate period.";"Cloud covering 1/2 or less of the sky throughout the appropriate period.";"6.7";"";"";"";"";"";"";"2.0";"4.9";"";"";"";"";"";"";
"01.12.2017 17:30";"22.8";"";"";"";"37";"Wind blowing from the west";"1";"";"";"no clouds";"Haze. ";"Cloud covering 1/2 or less of the sky throughout the appropriate period.";"Cloud covering 1/2 or less of the sky throughout the appropriate period.";"";"25.9";"";"";"";"";"";"2.0";"7.5";"";"";"";"";"";"";
"01.12.2017 08:30";"10.4";"";"";"";"92";"Wind blowing from the west";"1";"";"";"no clouds";"Mist. ";"Cloud covering 1/2 or less of the sky throughout the appropriate period.";"Cloud covering 1/2 or less of the sky throughout the appropriate period.";"7.5";"";"";"";"";"";"";"2.0";"9.2";"";"";"";"";"";"";
"30.11.2017 17:30";"23.4";"";"";"";"45";"Wind blowing from the west";"1";"";"";"no clouds";"Haze. ";"Cloud covering 1/2 or less of the sky throughout the appropriate period.";"Cloud covering 1/2 or less of the sky throughout the appropriate period.";"";"26.2";"";"";"";"";"";"4.0";"10.8";"";"";"";"";"";"";
"30.11.2017 08:30";"12.0";"";"";"";"91";"Wind blowing from the north";"1";"";"";"no clouds";"Haze. ";"Cloud covering 1/2 or less of the sky throughout the appropriate period.";"Cloud covering 1/2 or less of the sky throughout the appropriate period.";"9.5";"";"";"";"";"";"";"2.0";"10.5";"";"";"";"";"";"";
"29.11.2017 17:30";"23.0";"";"";"";"45";"Wind blowing from the north";"1";"";"";"no clouds";"Haze. ";"Cloud covering 1/2 or less of the sky throughout the appropriate period.";"Cloud covering 1/2 or less of the sky throughout the appropriate period.";"";"30.4";"";"";"";"";"";"2.0";"10.3";"";"";"";"";"";"";
"29.11.2017 08:30";"11.2";"";"";"";"88";"Wind blowing from the north";"1";"";"";"no clouds";"Haze. ";"Cloud covering 1/2 or less of the sky throughout the appropriate period.";"Cloud covering 1/2 or less of the sky throughout the appropriate period.";"8.4";"";"";"";"";"";"";"2.0";"9.2";"";"";"";"";"";"";
"28.11.2017 17:30";"21.8";"";"";"";"47";"Wind blowing from the west";"1";"";"";"no clouds";"Haze. ";"Cloud covering 1/2 or less of the sky throughout the appropriate period.";"Cloud covering 1/2 or less of the sky throughout the appropriate period.";"";"27.8";"";"";"";"";"";"2.0";"10.1";"";"";"";"";"";"";
"27.11.2017 17:30";"22.4";"";"";"";"50";"Wind blowing from the south";"1";"";"";"no clouds";"Haze. ";"Cloud covering 1/2 or less of the sky throughout the appropriate period.";"Cloud covering 1/2 or less of the sky throughout the appropriate period.";"";"24.8";"";"";"";"";"";"2.0";"11.3";"";"";"";"";"";"";
"27.11.2017 08:30";"11.4";"";"";"";"78";"Wind blowing from the south";"1";"";"";"no clouds";"Haze. ";"Cloud covering 1/2 or less of the sky throughout the appropriate period.";"Cloud covering 1/2 or less of the sky throughout the appropriate period.";"7.3";"";"";"";"";"";"";"2.0";"7.7";"";"";"";"";"";"";
"26.11.2017 17:30";"23.0";"";"";"";"45";"Wind blowing from the west";"1";"";"";"no clouds";"Haze. ";"Cloud covering 1/2 or less of the sky throughout the appropriate period.";"Cloud covering 1/2 or less of the sky throughout the appropriate period.";"";"26.8";"";"";"";"";"";"2.0";"10.3";"";"";"";"";"";"";
"26.11.2017 08:30";"9.8";"";"";"";"80";"Wind blowing from the south";"1";"";"";"no clouds";"Haze. ";"Cloud covering 1/2 or less of the sky throughout the appropriate period.";"Cloud covering 1/2 or less of the sky throughout the appropriate period.";"7.7";"";"";"";"";"";"";"2.0";"6.4";"";"";"";"";"";"";
"25.11.2017 17:30";"21.0";"";"";"";"49";"Wind blowing from the west";"1";"";"";"no clouds";"Haze. ";"Cloud covering 1/2 or less of the sky throughout the appropriate period.";"Cloud covering 1/2 or less of the sky throughout the appropriate period.";"";"25.2";"";"";"";"";"";"2.0";"9.9";"";"";"";"";"";"";
"24.11.2017 17:30";"21.8";"";"";"";"46";"Wind blowing from the west";"1";"";"";"no clouds";"Haze. ";"Cloud covering 1/2 or less of the sky throughout the appropriate period.";"Cloud covering 1/2 or less of the sky throughout the appropriate period.";"";"25.2";"";"";"";"";"";"2.0";"9.6";"";"";"";"";"";"";
"24.11.2017 08:30";"7.8";"";"";"";"86";"Wind blowing from the west";"1";"";"";"no clouds";"Haze. ";"Cloud covering 1/2 or less of the sky throughout the appropriate period.";"Cloud covering 1/2 or less of the sky throughout the appropriate period.";"6.2";"";"";"";"";"";"";"2.0";"5.6";"";"";"";"";"";"";
"23.11.2017 17:30";"20.0";"";"";"";"53";"Wind blowing from the south";"1";"";"";"no clouds";" ";"";"";"";"21.4";"";"";"";"";"";"4.0";"10.0";"";"";"";"";"";"";
"23.11.2017 08:30";"12.0";"";"";"";"63";"Wind blowing from the west";"1";"";"";"no clouds";"Haze. ";"Cloud covering 1/2 or less of the sky throughout the appropriate period.";"Cloud covering 1/2 or less of the sky throughout the appropriate period.";"7.7";"";"";"";"";"";"";"2.0";"5.1";"";"";"";"";"";"";
"22.11.2017 17:30";"22.0";"";"";"";"33";"Wind blowing from the south";"1";"";"";"no clouds";" ";"";"";"";"24.9";"";"";"";"";"";"4.0";"5.1";"";"";"";"";"";"";
"21.11.2017 17:30";"21.4";"";"";"";"38";"Wind blowing from the west";"1";"";"";"no clouds";" ";"";"";"";"23.7";"";"";"";"";"";"4.0";"6.5";"";"";"";"";"";"";
"21.11.2017 08:30";"11.3";"";"";"";"71";"Wind blowing from the west";"1";"";"";"no clouds";"Haze. ";"Cloud covering 1/2 or less of the sky throughout the appropriate period.";"Cloud covering 1/2 or less of the sky throughout the appropriate period.";"8.2";"";"";"";"";"";"";"2.0";"6.1";"";"";"";"";"";"";
"20.11.2017 17:30";"20.8";"";"";"";"43";"Wind blowing from the west";"1";"";"";"no clouds";"Haze. ";"Cloud covering 1/2 or less of the sky throughout the appropriate period.";"Cloud covering 1/2 or less of the sky throughout the appropriate period.";"";"23.8";"";"";"";"";"";"2.0";"7.6";"";"";"";"";"";"";
"20.11.2017 08:30";"10.4";"";"";"";"85";"Wind blowing from the west";"1";"";"";"no clouds";"Haze. ";"Cloud covering 1/2 or less of the sky throughout the appropriate period.";"Cloud covering 1/2 or less of the sky throughout the appropriate period.";"8.7";"";"";"";"";"";"";"2.0";"7.9";"";"";"";"";"";"";
"19.11.2017 17:30";"21.2";"";"";"";"44";"Wind blowing from the west";"1";"";"";"no clouds";" ";"";"";"";"21.5";"";"";"";"";"";"4.0";"8.3";"";"";"";"";"";"";
"18.11.2017 17:30";"23.0";"";"";"";"59";"Wind blowing from the west";"1";"";"";"no clouds";"Haze. ";"Cloud covering 1/2 or less of the sky throughout the appropriate period.";"Cloud covering 1/2 or less of the sky throughout the appropriate period.";"";"25.0";"";"";"";"";"";"2.0";"14.6";"";"";"";"";"";"";
"18.11.2017 08:30";"16.4";"";"";"";"84";"Wind blowing from the west";"1";"";"";"no clouds";"Haze. ";"Cloud covering 1/2 or less of the sky throughout the appropriate period.";"Cloud covering 1/2 or less of the sky throughout the appropriate period.";"13.7";"";"";"";"";"";"";"2.0";"13.6";"";"";"";"";"";"";
"17.11.2017 17:30";"21.0";"";"";"";"81";"Wind blowing from the west";"1";"";"";"no clouds";"Haze. ";"Cloud covering 1/2 or less of the sky throughout the appropriate period.";"Cloud covering 1/2 or less of the sky throughout the appropriate period.";"";"21.4";"";"";"";"";"";"2.0";"17.5";"";"";"";"";"";"";
"17.11.2017 08:30";"18.0";"";"";"";"81";"Wind blowing from the west";"1";"";"";"no clouds";"Haze. ";"Cloud covering 1/2 or less of the sky throughout the appropriate period.";"Cloud covering 1/2 or less of the sky throughout the appropriate period.";"14.7";"";"";"";"";"";"";"2.0";"14.6";"";"";"";"";"";"";
"16.11.2017 08:30";"18.0";"";"";"";"75";"Wind blowing from the west";"1";"";"";"no clouds";" ";"";"";"16.2";"";"";"";"";"";"";"4.0";"13.4";"";"";"";"";"";"";
"15.11.2017 17:30";"20.0";"";"";"";"69";"Wind blowing from the east";"1";"";"";"no clouds";"Haze. ";"Cloud covering 1/2 or less of the sky throughout the appropriate period.";"Cloud covering 1/2 or less of the sky throughout the appropriate period.";"";"27.5";"";"";"";"";"";"2.0";"14.2";"";"";"";"";"";"";
"15.11.2017 08:30";"16.0";"";"";"";"81";"Wind blowing from the west";"1";"";"";"no clouds";"Haze. ";"Cloud covering 1/2 or less of the sky throughout the appropriate period.";"Cloud covering 1/2 or less of the sky throughout the appropriate period.";"15.2";"";"";"";"";"";"";"2.0";"12.8";"";"";"";"";"";"";
"14.11.2017 17:30";"24.4";"";"";"";"49";"Wind blowing from the east";"1";"";"";"no clouds";"Haze. ";"Cloud covering 1/2 or less of the sky throughout the appropriate period.";"Cloud covering 1/2 or less of the sky throughout the appropriate period.";"";"29.5";"";"";"";"";"";"2.0";"13.1";"";"";"";"";"";"";
"14.11.2017 08:30";"17.4";"";"";"";"80";"Wind blowing from the east";"1";"";"";"no clouds";"Haze. ";"Cloud covering 1/2 or less of the sky throughout the appropriate period.";"Cloud covering 1/2 or less of the sky throughout the appropriate period.";"16.2";"";"";"";"";"";"";"2.0";"13.9";"";"";"";"";"";"";
"13.11.2017 17:30";"24.2";"";"";"";"65";"Wind blowing from the north";"1";"";"";"no clouds";"Haze. ";"Cloud covering 1/2 or less of the sky throughout the appropriate period.";"Cloud covering 1/2 or less of the sky throughout the appropriate period.";"";"26.4";"";"";"";"";"";"2.0";"17.1";"";"";"";"";"";"";
"13.11.2017 08:30";"14.4";"";"";"";"93";"Wind blowing from the north";"1";"";"";"Sky obscured by fog and/or other meteorological phenomena.";"Fog or ice fog, sky invisible, no appreciable change during the preceding hour. ";"Fog or ice fog or thick haze.";"Fog or ice fog or thick haze.";"12.4";"";"";"";"";"";"";"less than 0.05";"13.3";"";"";"";"";"";"";
"12.11.2017 17:30";"25.0";"";"";"";"62";"Wind blowing from the north";"1";"";"";"no clouds";"Haze. ";"Cloud covering 1/2 or less of the sky throughout the appropriate period.";"Cloud covering 1/2 or less of the sky throughout the appropriate period.";"";"27.5";"";"";"";"";"";"2.0";"17.3";"";"";"";"";"";"";
"12.11.2017 08:30";"15.0";"";"";"";"91";"Wind blowing from the north";"1";"";"";"no clouds";"Mist. ";"Cloud covering 1/2 or less of the sky throughout the appropriate period.";"Cloud covering 1/2 or less of the sky throughout the appropriate period.";"12.8";"";"";"";"";"";"";"1.0";"13.6";"";"";"";"";"";"";
"11.11.2017 17:30";"24.8";"";"";"";"58";"Wind blowing from the north";"1";"";"";"no clouds";"Haze. ";"Cloud covering 1/2 or less of the sky throughout the appropriate period.";"Cloud covering 1/2 or less of the sky throughout the appropriate period.";"";"29.8";"";"";"";"";"";"2.0";"16.0";"";"";"";"";"";"";
"11.11.2017 08:30";"14.2";"";"";"";"96";"Wind blowing from the west";"1";"";"";"no clouds";"Haze. ";"Cloud covering 1/2 or less of the sky throughout the appropriate period.";"Cloud covering 1/2 or less of the sky throughout the appropriate period.";"12.7";"";"";"";"";"";"";"1.0";"13.5";"";"";"";"";"";"";
"10.11.2017 17:30";"26.6";"";"";"";"57";"Wind blowing from the north";"1";"";"";"no clouds";"Haze. ";"Cloud covering 1/2 or less of the sky throughout the appropriate period.";"Cloud covering 1/2 or less of the sky throughout the appropriate period.";"";"29.8";"";"";"";"";"";"2.0";"17.4";"";"";"";"";"";"";
"09.11.2017 17:30";"26.4";"";"";"";"58";"Wind blowing from the north";"1";"";"";"no clouds";"Haze. ";"Cloud covering 1/2 or less of the sky throughout the appropriate period.";"Cloud covering 1/2 or less of the sky throughout the appropriate period.";"";"29.8";"";"";"";"";"";"2.0";"17.5";"";"";"";"";"";"";
"09.11.2017 08:30";"14.4";"";"";"";"93";"Wind blowing from the south";"1";"";"";"no clouds";"Mist. ";"Cloud covering 1/2 or less of the sky throughout the appropriate period.";"Cloud covering 1/2 or less of the sky throughout the appropriate period.";"12.2";"";"";"";"";"";"";"1.0";"13.3";"";"";"";"";"";"";
"08.11.2017 17:30";"24.8";"";"";"";"68";"Wind blowing from the west";"1";"";"";"no clouds";"Mist. ";"Cloud covering 1/2 or less of the sky throughout the appropriate period.";"Cloud covering 1/2 or less of the sky throughout the appropriate period.";"";"27.2";"";"";"";"";"";"1.0";"18.5";"";"";"";"";"";"";
"08.11.2017 08:30";"16.2";"";"";"";"96";"Wind blowing from the west";"1";"";"";"Sky obscured by fog and/or other meteorological phenomena.";"Fog or ice fog, sky invisible, no appreciable change during the preceding hour. ";"Fog or ice fog or thick haze.";"Fog or ice fog or thick haze.";"15.2";"";"";"";"";"";"";"less than 0.05";"15.5";"";"";"";"";"";"";
"07.11.2017 17:30";"25.8";"";"";"";"62";"Wind blowing from the north";"1";"";"";"no clouds";"Haze. ";"Cloud covering 1/2 or less of the sky throughout the appropriate period.";"Cloud covering 1/2 or less of the sky throughout the appropriate period.";"";"29.0";"";"";"";"";"";"2.0";"17.9";"";"";"";"";"";"";
"06.11.2017 17:30";"27.4";"";"";"";"63";"Wind blowing from the west";"1";"";"";"no clouds";" ";"";"";"";"30.0";"";"";"";"";"";"4.0";"19.7";"";"";"";"";"";"";
"06.11.2017 08:30";"17.0";"";"";"";"92";"Wind blowing from the north";"1";"";"";"no clouds";"Mist. ";"Cloud covering 1/2 or less of the sky throughout the appropriate period.";"Cloud covering 1/2 or less of the sky throughout the appropriate period.";"15.2";"";"";"";"";"";"";"1.0";"15.6";"";"";"";"";"";"";
"05.11.2017 17:30";"26.8";"";"";"";"80";"Wind blowing from the north";"1";"";"";"no clouds";" ";"";"";"";"31.0";"";"";"";"";"";"4.0";"23.0";"";"";"";"";"";"";
"05.11.2017 08:30";"18.0";"";"";"";"92";"Wind blowing from the west";"1";"";"";"no clouds";"Mist. ";"Cloud covering 1/2 or less of the sky throughout the appropriate period.";"Cloud covering 1/2 or less of the sky throughout the appropriate period.";"15.2";"";"";"";"";"";"";"1.0";"16.7";"";"";"";"";"";"";
"04.11.2017 17:30";"28.0";"";"";"";"70";"Wind blowing from the north";"1";"";"";"no clouds";" ";"";"";"";"31.1";"";"";"";"";"";"4.0";"22.1";"";"";"";"";"";"";
"04.11.2017 08:30";"19.4";"";"";"";"94";"Calm, no wind";"0";"";"";"no clouds";"Haze. ";"Cloud covering 1/2 or less of the sky throughout the appropriate period.";"Cloud covering 1/2 or less of the sky throughout the appropriate period.";"17.4";"";"";"";"";"";"";"2.0";"18.4";"";"";"";"";"";"";
"03.11.2017 17:30";"27.0";"";"";"";"43";"Wind blowing from the north";"1";"";"";"no clouds";" ";"";"";"";"29.8";"";"";"";"";"";"4.0";"13.5";"";"";"";"";"";"";
"03.11.2017 08:30";"19.4";"";"";"";"94";"Wind blowing from the east";"1";"";"";"no clouds";"Mist. ";"Cloud covering 1/2 or less of the sky throughout the appropriate period.";"Cloud covering 1/2 or less of the sky throughout the appropriate period.";"17.0";"";"";"";"";"";"";"1.0";"18.4";"";"";"";"";"";"";
"02.11.2017 17:30";"27.2";"";"";"";"84";"Wind blowing from the north";"1";"";"";"no clouds";" ";"";"";"";"30.0";"";"";"";"";"";"4.0";"24.3";"";"";"";"";"";"";
"02.11.2017 08:30";"19.4";"";"";"";"94";"Wind blowing from the north";"1";"";"";"no clouds";"Mist. ";"Cloud covering 1/2 or less of the sky throughout the appropriate period.";"Cloud covering 1/2 or less of the sky throughout the appropriate period.";"17.7";"";"";"";"";"";"";"1.0";"18.4";"";"";"";"";"";"";
"01.11.2017 17:30";"27.0";"";"";"";"70";"Wind blowing from the east";"1";"";"";"no clouds";" ";"";"";"";"33.0";"";"";"";"";"";"4.0";"21.0";"";"";"";"";"";"";
"31.10.2017 17:30";"28.2";"";"";"";"92";"Wind blowing from the south";"1";"";"";"no clouds";" ";"";"";"";"32.2";"";"";"";"";"";"4.0";"26.8";"";"";"";"";"";"";
"31.10.2017 08:30";"18.0";"";"";"";"98";"Wind blowing from the south";"1";"";"";"no clouds";"Mist. ";"Cloud covering 1/2 or less of the sky throughout the appropriate period.";"Cloud covering 1/2 or less of the sky throughout the appropriate period.";"15.7";"";"";"";"";"";"";"2.0";"17.7";"";"";"";"";"";"";
"30.10.2017 08:30";"19.0";"";"";"";"94";"variable wind direction";"1";"";"";"no clouds";"Haze. ";"Cloud covering 1/2 or less of the sky throughout the appropriate period.";"Cloud covering 1/2 or less of the sky throughout the appropriate period.";"16.2";"";"";"";"";"";"";"2.0";"18.0";"";"";"";"";"";"";
"29.10.2017 17:30";"29.0";"";"";"";"94";"Wind blowing from the east";"1";"";"";"no clouds";" ";"";"";"";"32.5";"";"";"";"";"";"4.0";"27.9";"";"";"";"";"";"";
"29.10.2017 08:30";"18.0";"";"";"";"96";"Wind blowing from the east";"1";"";"";"no clouds";"Haze. ";"Cloud covering 1/2 or less of the sky throughout the appropriate period.";"Cloud covering 1/2 or less of the sky throughout the appropriate period.";"15.7";"";"";"";"";"";"";"2.0";"17.4";"";"";"";"";"";"";
"28.10.2017 17:30";"29.0";"740.9";"759.7";"";"86";"Wind blowing from the north";"1";"";"";"no clouds";" ";"";"";"";"33.8";"";"";"";"";"";"4.0";"26.5";"";"";"";"";"";"";
"28.10.2017 08:30";"20.2";"";"";"";"89";"Wind blowing from the north";"1";"";"";"no clouds";" ";"";"";"16.7";"";"";"";"";"";"";"4.0";"18.3";"";"";"";"";"";"";
"27.10.2017 17:30";"29.0";"";"";"";"85";"Wind blowing from the north";"1";"";"";"no clouds";" ";"";"";"";"33.9";"";"";"";"";"";"4.0";"26.2";"";"";"";"";"";"";
"27.10.2017 08:30";"19.4";"";"";"";"94";"Wind blowing from the north";"1";"";"";"no clouds";" ";"";"";"17.5";"";"";"";"";"";"";"4.0";"18.4";"";"";"";"";"";"";
"26.10.2017 17:30";"28.4";"742.0";"760.9";"";"78";"Wind blowing from the north";"1";"";"";"no clouds";" ";"";"";"";"35.0";"";"";"";"";"";"4.0";"24.1";"";"";"";"";"";"";
"25.10.2017 17:30";"30.2";"";"";"";"53";"Wind blowing from the west";"1";"";"";"no clouds";" ";"";"";"";"35.9";"";"";"";"";"";"4.0";"19.7";"";"";"";"";"";"";
"25.10.2017 08:30";"20.2";"";"";"";"80";"Wind blowing from the west";"1";"";"";"no clouds";" ";"";"";"15.4";"";"";"";"";"";"";"4.0";"16.6";"";"";"";"";"";"";
"24.10.2017 17:30";"30.4";"";"";"";"63";"Wind blowing from the west";"1";"";"";"no clouds";" ";"";"";"";"35.9";"";"";"";"";"";"4.0";"22.5";"";"";"";"";"";"";
"24.10.2017 08:30";"21.4";"";"";"";"79";"Wind blowing from the west";"1";"";"";"no clouds";" ";"";"";"16.4";"";"";"";"";"";"";"4.0";"17.5";"";"";"";"";"";"";
"23.10.2017 17:30";"30.0";"";"";"";"72";"Wind blowing from the west";"1";"";"";"no clouds";" ";"";"";"";"36.0";"";"";"";"";"";"4.0";"24.3";"";"";"";"";"";"";
"22.10.2017 08:30";"20.4";"";"";"";"87";"Wind blowing from the south";"1";"";"";"no clouds";" ";"";"";"17.5";"";"";"";"";"";"";"4.0";"18.2";"";"";"";"";"";"";
"21.10.2017 17:30";"30.4";"";"";"";"63";"Wind blowing from the west";"1";"";"";"no clouds";" ";"";"";"";"34.2";"";"";"";"";"";"4.0";"22.5";"";"";"";"";"";"";
"21.10.2017 08:30";"21.0";"";"";"";"86";"Wind blowing from the north";"1";"";"";"no clouds";" ";"";"";"17.7";"";"";"";"";"";"";"4.0";"18.5";"";"";"";"";"";"";
"20.10.2017 17:30";"31.4";"";"";"";"60";"Wind blowing from the west";"1";"";"";"no clouds";" ";"";"";"";"35.0";"";"";"";"";"";"4.0";"22.7";"";"";"";"";"";"";
"20.10.2017 08:30";"22.0";"";"";"";"86";"Wind blowing from the north";"1";"";"";"no clouds";" ";"";"";"17.4";"";"";"";"";"";"";"4.0";"19.5";"";"";"";"";"";"";
"19.10.2017 17:30";"30.2";"";"";"";"64";"Wind blowing from the north";"1";"";"";"no clouds";" ";"";"";"";"35.8";"";"";"";"";"";"4.0";"22.6";"";"";"";"";"";"";
"19.10.2017 08:30";"21.8";"";"";"";"87";"Wind blowing from the north";"1";"";"";"no clouds";" ";"";"";"18.4";"";"";"";"";"";"";"4.0";"19.6";"";"";"";"";"";"";
"18.10.2017 17:30";"31.8";"";"";"";"70";"Wind blowing from the north";"1";"";"";"no clouds";" ";"";"";"";"34.2";"";"";"";"";"";"4.0";"25.7";"";"";"";"";"";"";
"18.10.2017 08:30";"21.4";"";"";"";"79";"Wind blowing from the east";"1";"";"";"no clouds";" ";"";"";"18.0";"";"";"";"";"";"";"4.0";"17.5";"";"";"";"";"";"";
"17.10.2017 17:30";"32.0";"";"";"";"54";"Wind blowing from the west";"1";"";"";"no clouds";" ";"";"";"";"37.2";"";"";"";"";"";"4.0";"21.7";"";"";"";"";"";"";
"16.10.2017 08:30";"23.4";"";"";"";"72";"Wind blowing from the south";"1";"";"";"no clouds";" ";"";"";"17.9";"";"";"";"";"";"";"4.0";"18.0";"";"";"";"";"";"";
"15.10.2017 17:30";"31.8";"";"";"";"51";"Wind blowing from the north";"1";"";"";"no clouds";" ";"";"";"";"36.2";"";"";"";"";"";"4.0";"20.4";"";"";"";"";"";"";
"15.10.2017 08:30";"23.0";"";"";"";"83";"Wind blowing from the south";"1";"";"";"no clouds";" ";"";"";"18.7";"";"";"";"";"";"";"4.0";"19.9";"";"";"";"";"";"";
"14.10.2017 17:30";"30.2";"";"";"";"68";"Wind blowing from the west";"1";"";"";"no clouds";" ";"";"";"";"36.4";"";"";"";"";"";"4.0";"23.6";"";"";"";"";"";"";
"14.10.2017 08:30";"24.0";"";"";"";"77";"Wind blowing from the east";"1";"";"";"no clouds";" ";"";"";"19.2";"";"";"";"";"";"";"4.0";"19.7";"";"";"";"";"";"";
"13.10.2017 17:30";"32.4";"";"";"";"59";"Wind blowing from the west";"1";"";"";"no clouds";" ";"";"";"";"34.2";"";"";"";"";"";"4.0";"23.5";"";"";"";"";"";"";
"13.10.2017 08:30";"25.8";"";"";"";"73";"Wind blowing from the west";"1";"";"";"no clouds";" ";"";"";"20.1";"";"";"";"";"";"";"4.0";"20.6";"";"";"";"";"";"";
"12.10.2017 17:30";"31.8";"";"";"";"66";"Wind blowing from the west";"1";"";"";"no clouds";" ";"";"";"";"34.2";"";"";"";"";"";"4.0";"24.7";"";"";"";"";"";"";
"12.10.2017 08:30";"25.0";"";"";"";"85";"Wind blowing from the north";"1";"";"";"no clouds";" ";"";"";"21.1";"";"";"";"";"";"";"4.0";"22.3";"";"";"";"";"";"";
"11.10.2017 17:30";"31.2";"";"";"";"64";"Wind blowing from the west";"1";"";"";"no clouds";" ";"";"";"";"35.0";"";"";"";"";"";"4.0";"23.7";"";"";"";"";"";"";
"10.10.2017 17:30";"32.0";"";"";"";"62";"Wind blowing from the west";"1";"";"";"no clouds";" ";"";"";"";"36.0";"";"";"";"";"";"4.0";"23.7";"";"";"";"";"";"";
"10.10.2017 08:30";"26.0";"";"";"";"78";"Wind blowing from the north";"1";"";"";"no clouds";" ";"";"";"20.9";"";"";"";"";"";"";"4.0";"21.8";"";"";"";"";"";"";
"09.10.2017 17:30";"32.2";"";"";"";"71";"Wind blowing from the north";"1";"";"";"no clouds";" ";"";"";"";"36.0";"";"";"";"";"";"4.0";"26.4";"";"";"";"";"";"";
"09.10.2017 08:30";"27.0";"";"";"";"80";"Wind blowing from the north";"1";"";"";"no clouds";" ";"";"";"20.9";"";"";"";"";"";"";"4.0";"23.2";"";"";"";"";"";"";
"08.10.2017 17:30";"32.0";"";"";"";"69";"Wind blowing from the west";"1";"";"";"no clouds";" ";"";"";"";"36.0";"";"";"";"";"";"4.0";"25.5";"";"";"";"";"";"";
"08.10.2017 08:30";"26.0";"";"";"";"90";"Wind blowing from the west";"1";"";"";"no clouds";" ";"";"";"20.7";"";"";"";"";"";"";"4.0";"24.3";"";"";"";"";"";"";
"07.10.2017 17:30";"31.8";"";"";"";"86";"Wind blowing from the west";"1";"";"";"no clouds";" ";"";"";"";"34.9";"";"";"";"";"";"4.0";"29.1";"";"";"";"";"";"";
"07.10.2017 08:30";"25.2";"";"";"";"90";"Wind blowing from the west";"1";"";"";"no clouds";" ";"";"";"19.7";"";"";"";"";"";"";"4.0";"23.4";"";"";"";"";"";"";
"01.10.2017 17:30";"33.8";"";"";"";"46";"Wind blowing from the west";"1";"";"";"no clouds";" ";"";"";"";"35.4";"";"";"";"";"";"4.0";"20.7";"";"";"";"";"";"";
"01.10.2017 08:30";"27.0";"";"";"";"63";"Wind blowing from the west";"1";"";"";"no clouds";" ";"";"";"20.5";"";"";"";"";"";"";"4.0";"19.3";"";"";"";"";"";"";
"30.09.2017 17:30";"33.4";"";"";"";"50";"Wind blowing from the west";"1";"";"";"no clouds";" ";"";"";"";"36.0";"";"";"";"";"";"4.0";"21.6";"";"";"";"";"";"";
"30.09.2017 08:30";"25.4";"";"";"";"74";"Wind blowing from the west";"1";"";"";"no clouds";" ";"";"";"21.2";"";"";"";"";"";"";"4.0";"20.5";"";"";"";"";"";"";
"29.09.2017 17:30";"24.4";"";"";"";"96";"Wind blowing from the west";"1";"";"";"no clouds";" ";"";"";"";"35.4";"";"";"";"";"";"4.0";"23.8";"";"";"";"";"";"";
"29.09.2017 08:30";"29.4";"";"";"";"68";"Wind blowing from the west";"1";"";"";"no clouds";" ";"";"";"22.7";"";"";"";"";"";"";"4.0";"23.0";"";"";"";"";"";"";
"28.09.2017 17:30";"34.0";"";"";"";"65";"Wind blowing from the west";"1";"";"";"no clouds";" ";"";"";"";"36.0";"";"";"";"";"";"4.0";"26.4";"";"";"";"";"";"";
"28.09.2017 08:30";"28.6";"";"";"";"76";"Wind blowing from the south";"1";"";"";"no clouds";" ";"";"";"23.2";"";"";"";"";"";"";"4.0";"24.0";"";"";"";"";"";"";
"27.09.2017 17:30";"31.8";"";"";"";"68";"Wind blowing from the north";"1";"";"";"no clouds";" ";"";"";"";"36.4";"";"";"";"";"";"4.0";"25.3";"";"";"";"";"";"";
"27.09.2017 08:30";"28.1";"";"";"";"77";"Wind blowing from the west";"1";"";"";"no clouds";" ";"";"";"23.2";"";"";"";"";"";"";"4.0";"23.7";"";"";"";"";"";"";
"26.09.2017 17:30";"31.8";"";"";"";"74";"Wind blowing from the west";"1";"";"";"no clouds";" ";"";"";"";"34.9";"";"";"";"";"";"4.0";"26.5";"";"";"";"";"";"";
"25.09.2017 08:30";"27.4";"";"";"";"81";"Wind blowing from the west";"1";"";"";"no clouds";" ";"";"";"22.7";"";"";"";"";"";"";"4.0";"23.9";"";"";"";"";"";"";
"24.09.2017 17:30";"32.6";"";"";"";"68";"Wind blowing from the north";"1";"";"";"no clouds";" ";"";"";"";"34.4";"";"";"";"";"";"4.0";"26.0";"";"";"";"";"";"";
"23.09.2017 17:30";"27.2";"";"";"";"86";"Wind blowing from the west";"1";"";"";"60%.";" ";"";"";"";"30.4";"Stratocumulus other than Stratocumulus cumulogenitus.";"20–30%.";"1000-1500";"Altocumulus translucidus at a single level.";"Cirrus fibratus, sometimes uncinus, not progressively invading the sky.";"4.0";"24.6";"";"";"";"";"";"";
"23.09.2017 08:30";"25.2";"";"";"";"95";"Wind blowing from the north";"1";"";"";"70 – 80%.";"State of sky on the whole unchanged. ";"Rain.";"Cloud covering more than 1/2 of the sky throughout the appropriate period.";"23.7";"";"Stratocumulus other than Stratocumulus cumulogenitus.";"70 – 80%.";"1000-1500";"No Altocumulus, Altostratus or Nimbostratus.";"No Cirrus, Cirrocumulus or Cirrostratus.";"4.0";"24.3";"";"";"";"";"";"";
"22.09.2017 17:30";"25.4";"";"";"";"96";"Wind blowing from the north";"1";"";"";"70 – 80%.";" ";"";"";"";"30.8";"Stratocumulus other than Stratocumulus cumulogenitus.";"70 – 80%.";"1000-1500";"No Altocumulus, Altostratus or Nimbostratus.";"No Cirrus, Cirrocumulus or Cirrostratus.";"4.0";"24.8";"";"";"";"";"";"";
"22.09.2017 08:30";"27.4";"";"";"";"90";"Wind blowing from the north";"1";"";"";"40%.";" ";"";"";"25.1";"";"No Stratocumulus, Stratus, Cumulus or Cumulonimbus.";"40%.";"2500 or more, or no clouds.";"Altostratus opacus or Nimbostratus.";"Cirrus fibratus, sometimes uncinus, not progressively invading the sky.";"4.0";"25.7";"";"";"";"";"";"";
"21.09.2017 17:30";"31.8";"";"";"";"82";"Wind blowing from the north";"1";"";"";"50%.";" ";"";"";"";"37.0";"No Stratocumulus, Stratus, Cumulus or Cumulonimbus.";"50%.";"2000-2500";"Altostratus opacus or Nimbostratus.";"Cirrus spissatus, in patches or entangled sheaves, which usually do not increase and sometimes seem to be the remains of the upper part of a Cumulonimbus; or Cirrus castellanus or floccus.";"4.0";"28.4";"";"";"";"";"";"";
"21.09.2017 08:30";"27.2";"";"";"";"83";"Wind blowing from the north";"1";"";"";"20–30%.";" ";"";"";"25.0";"";"No Stratocumulus, Stratus, Cumulus or Cumulonimbus.";"20–30%.";"2000-2500";"Altostratus translucidus.";"Cirrus fibratus, sometimes uncinus, not progressively invading the sky.";"4.0";"24.0";"";"";"";"";"";"";
"20.09.2017 17:30";"31.8";"";"";"";"71";"Wind blowing from the west";"1";"";"";"no clouds";" ";"";"";"";"37.0";"";"";"";"";"";"4.0";"25.9";"";"";"";"";"";"";
"19.09.2017 17:30";"31.8";"";"";"";"61";"Wind blowing from the north";"1";"";"";"no clouds";" ";"";"";"";"36.5";"";"";"";"";"";"4.0";"23.4";"";"";"";"";"";"";
"19.09.2017 08:30";"28.2";"";"";"";"78";"Wind blowing from the west";"1";"";"";"no clouds";" ";"";"";"22.4";"";"";"";"";"";"";"4.0";"23.9";"";"";"";"";"";"";
"18.09.2017 17:30";"31.8";"";"";"";"80";"Wind blowing from the west";"1";"";"";"40%.";" ";"";"";"";"34.2";"Cumulus mediocris or congestus, with or without Cumulus of species fractus or humilis or Stratocumulus, all having their bases at the same level.";"40%.";"2500 or more, or no clouds.";"No Altocumulus, Altostratus or Nimbostratus.";"Cirrus fibratus, sometimes uncinus, not progressively invading the sky.";"4.0";"28.0";"";"";"";"";"";"";
"18.09.2017 08:30";"27.2";"";"";"";"83";"Wind blowing from the west";"1";"";"";"40%.";" ";"";"";"23.1";"";"No Stratocumulus, Stratus, Cumulus or Cumulonimbus.";"40%.";"2500 or more, or no clouds.";"Altostratus opacus or Nimbostratus.";"Cirrus fibratus, sometimes uncinus, not progressively invading the sky.";"4.0";"24.1";"";"";"";"";"";"";
"17.09.2017 17:30";"31.8";"";"";"";"60";"Wind blowing from the west";"1";"";"";"50%.";" ";"";"";"";"33.2";"No Stratocumulus, Stratus, Cumulus or Cumulonimbus.";"50%.";"2500 or more, or no clouds.";"Altocumulus translucidus at a single level.";"Cirrus fibratus, sometimes uncinus, not progressively invading the sky.";"4.0";"23.1";"";"";"";"";"";"";
"16.09.2017 08:30";"28.2";"";"";"";"86";"Wind blowing from the west";"1";"";"";"70 – 80%.";" ";"";"";"25.7";"";"No Stratocumulus, Stratus, Cumulus or Cumulonimbus.";"70 – 80%.";"2500 or more, or no clouds.";"Patches (often lenticular) of Altocumulus translucidus, continually changing and occurring at one or more levels.";"Cirrus spissatus, in patches or entangled sheaves, which usually do not increase and sometimes seem to be the remains of the upper part of a Cumulonimbus; or Cirrus castellanus or floccus.";"4.0";"25.7";"";"";"";"";"";"";
"15.09.2017 08:30";"29.4";"";"";"";"87";"Wind blowing from the north";"1";"";"";"no clouds";" ";"";"";"26.2";"";"";"";"";"";"";"4.0";"27.0";"";"";"";"";"";"";
"14.09.2017 17:30";"31.8";"";"";"";"84";"Wind blowing from the west";"1";"";"";"60%.";" ";"";"";"";"34.2";"No Stratocumulus, Stratus, Cumulus or Cumulonimbus.";"60%.";"2500 or more, or no clouds.";"Altocumulus translucidus at a single level.";"Cirrus spissatus, in patches or entangled sheaves, which usually do not increase and sometimes seem to be the remains of the upper part of a Cumulonimbus; or Cirrus castellanus or floccus.";"4.0";"28.8";"";"";"";"";"";"";
"13.09.2017 17:30";"31.8";"";"";"";"86";"Wind blowing from the west";"1";"";"";"no clouds";" ";"";"";"";"33.8";"";"";"";"";"";"4.0";"29.1";"";"";"";"";"";"";
"13.09.2017 08:30";"31.8";"";"";"";"76";"Wind blowing from the west";"1";"";"";"20–30%.";" ";"";"";"26.1";"";"No Stratocumulus, Stratus, Cumulus or Cumulonimbus.";"no clouds";"2500 or more, or no clouds.";"No Altocumulus, Altostratus or Nimbostratus.";"Cirrus spissatus, in patches or entangled sheaves, which usually do not increase and sometimes seem to be the remains of the upper part of a Cumulonimbus; or Cirrus castellanus or floccus.";"4.0";"27.1";"";"";"";"";"";"";
"12.09.2017 17:30";"31.8";"";"";"";"86";"Wind blowing from the west";"1";"";"";"20–30%.";" ";"";"";"";"37.0";"No Stratocumulus, Stratus, Cumulus or Cumulonimbus.";"no clouds";"2500 or more, or no clouds.";"No Altocumulus, Altostratus or Nimbostratus.";"Cirrus fibratus, sometimes uncinus, not progressively invading the sky.";"4.0";"29.1";"";"";"";"";"";"";
"12.09.2017 08:30";"29.0";"";"";"";"92";"Wind blowing from the west";"1";"";"";"no clouds";" ";"";"";"25.6";"";"";"";"";"";"";"4.0";"27.6";"";"";"";"";"";"";
"11.09.2017 17:30";"31.8";"";"";"";"86";"Wind blowing from the west";"1";"";"";"50%.";" ";"";"";"";"";"No Stratocumulus, Stratus, Cumulus or Cumulonimbus.";"40%.";"2500 or more, or no clouds.";"Altocumulus translucidus at a single level.";"Cirrus fibratus, sometimes uncinus, not progressively invading the sky.";"4.0";"29.1";"";"";"";"";"";"";
"11.09.2017 08:30";"30.0";"";"";"";"92";"Wind blowing from the west";"1";"";"";"70 – 80%.";" ";"";"";"25.7";"";"No Stratocumulus, Stratus, Cumulus or Cumulonimbus.";"70 – 80%.";"2500 or more, or no clouds.";"Altocumulus translucidus at a single level.";"No Cirrus, Cirrocumulus or Cirrostratus.";"4.0";"28.6";"";"";"";"";"";"";
"10.09.2017 17:30";"31.8";"";"";"";"84";"Wind blowing from the west";"1";"";"";"no clouds";" ";"";"";"";"";"";"";"";"";"";"4.0";"28.8";"";"";"";"";"";"";
"10.09.2017 08:30";"30.2";"";"";"";"77";"Wind blowing from the east";"1";"";"";"20–30%.";" ";"";"";"25.4";"";"No Stratocumulus, Stratus, Cumulus or Cumulonimbus.";"20–30%.";"2500 or more, or no clouds.";"Altostratus translucidus.";"Cirrus fibratus, sometimes uncinus, not progressively invading the sky.";"4.0";"25.7";"";"";"";"";"";"";
"09.09.2017 08:30";"29.8";"";"";"";"82";"Wind blowing from the west";"1";"";"";"no clouds";" ";"";"";"25.4";"";"";"";"";"";"";"4.0";"26.5";"";"";"";"";"";"";
"08.09.2017 17:30";"31.8";"";"";"";"86";"Wind blowing from the north";"1";"";"";"no clouds";" ";"";"";"";"32.4";"";"";"";"";"";"4.0";"29.1";"";"";"";"";"";"";
"07.09.2017 17:30";"31.8";"";"";"";"84";"Wind blowing from the west";"1";"";"";"40%.";" ";"";"";"";"32.4";"No Stratocumulus, Stratus, Cumulus or Cumulonimbus.";"60%.";"2500 or more, or no clouds.";"Altocumulus translucidus at a single level.";"No Cirrus, Cirrocumulus or Cirrostratus.";"4.0";"28.8";"";"";"";"";"";"";
"07.09.2017 08:30";"27.0";"";"";"";"87";"Wind blowing from the west";"1";"";"";"90  or more, but not 100%";" ";"";"";"24.2";"";"No Stratocumulus, Stratus, Cumulus or Cumulonimbus.";"50%.";"2500 or more, or no clouds.";"Altocumulus translucidus at a single level.";"Cirrus fibratus, sometimes uncinus, not progressively invading the sky.";"4.0";"24.7";"";"";"";"";"";"";
"06.09.2017 17:30";"31.8";"";"";"";"83";"Wind blowing from the west";"1";"";"";"10%  or less, but not 0";" ";"";"";"";"33.8";"No Stratocumulus, Stratus, Cumulus or Cumulonimbus.";"10%  or less, but not 0";"2500 or more, or no clouds.";"Altocumulus translucidus at a single level.";"No Cirrus, Cirrocumulus or Cirrostratus.";"4.0";"28.5";"";"";"";"";"";"";
"06.09.2017 08:30";"29.8";"";"";"";"74";"Wind blowing from the west";"1";"";"";"10%  or less, but not 0";" ";"";"";"25.2";"";"No Stratocumulus, Stratus, Cumulus or Cumulonimbus.";"no clouds";"2500 or more, or no clouds.";"No Altocumulus, Altostratus or Nimbostratus.";"Cirrus fibratus, sometimes uncinus, not progressively invading the sky.";"4.0";"24.7";"";"";"";"";"";"";
"05.09.2017 17:30";"31.8";"";"";"";"86";"Wind blowing from the west";"1";"";"";"100%.";" ";"";"";"";"33.0";"Stratocumulus other than Stratocumulus cumulogenitus.";"20–30%.";"600-1000";"Altocumulus translucidus at a single level.";"Cirrus fibratus, sometimes uncinus, not progressively invading the sky.";"4.0";"29.1";"";"";"";"";"";"";
"04.09.2017 17:30";"31.8";"";"";"";"86";"Wind blowing from the west";"2";"";"";"40%.";" ";"";"";"";"32.8";"Stratocumulus cumulogenitus.";"40%.";"1000-1500";"No Altocumulus, Altostratus or Nimbostratus.";"No Cirrus, Cirrocumulus or Cirrostratus.";"4.0";"29.1";"";"";"";"";"";"";
"04.09.2017 08:30";"29.4";"";"";"";"81";"Wind blowing from the south";"1";"";"";"no clouds";" ";"";"";"25.7";"";"";"";"";"";"";"4.0";"25.7";"";"";"";"";"";"";
"03.09.2017 17:30";"31.8";"";"";"";"76";"Wind blowing from the west";"1";"";"";"10%  or less, but not 0";" ";"";"";"";"33.6";"No Stratocumulus, Stratus, Cumulus or Cumulonimbus.";"10%  or less, but not 0";"2000-2500";"Altostratus translucidus.";"No Cirrus, Cirrocumulus or Cirrostratus.";"4.0";"27.1";"";"";"";"";"";"";
"03.09.2017 08:30";"27.8";"";"";"";"86";"Wind blowing from the west";"1";"";"";"no clouds";" ";"";"";"24.2";"";"";"";"";"";"";"4.0";"25.2";"";"";"";"";"";"";
"02.09.2017 17:30";"30.4";"";"";"";"78";"Wind blowing from the west";"1";"";"";"70 – 80%.";" ";"";"";"";"30.4";"No Stratocumulus, Stratus, Cumulus or Cumulonimbus.";"60%.";"2000-2500";"Altocumulus translucidus at a single level.";"Cirrus spissatus, in patches or entangled sheaves, which usually do not increase and sometimes seem to be the remains of the upper part of a Cumulonimbus; or Cirrus castellanus or floccus.";"4.0";"26.2";"";"";"";"";"";"";
"02.09.2017 08:30";"27.8";"";"";"";"84";"Wind blowing from the south";"1";"";"";"70 – 80%.";" ";"";"";"24.5";"";"Cumulus mediocris or congestus, with or without Cumulus of species fractus or humilis or Stratocumulus, all having their bases at the same level.";"50%.";"1000-1500";"Altocumulus translucidus at a single level.";"Cirrus fibratus, sometimes uncinus, not progressively invading the sky.";"4.0";"24.9";"";"";"";"";"";"";
"01.09.2017 17:30";"29.8";"";"";"";"78";"Wind blowing from the south";"1";"";"";"70 – 80%.";" ";"";"";"";"30.0";"Cumulus mediocris or congestus, with or without Cumulus of species fractus or humilis or Stratocumulus, all having their bases at the same level.";"70 – 80%.";"1000-1500";"Altocumulus translucidus at a single level.";"Cirrus fibratus, sometimes uncinus, not progressively invading the sky.";"4.0";"25.6";"";"";"";"";"";"";
"01.09.2017 08:30";"26.8";"";"";"";"92";"Wind blowing from the south";"1";"";"";"60%.";" ";"";"";"24.2";"";"Cumulonimbus calvus, with or without Cumulus, Stratocumulus or Stratus.";"60%.";"1000-1500";"Altostratus opacus or Nimbostratus.";"No Cirrus, Cirrocumulus or Cirrostratus.";"4.0";"25.4";"";"";"";"";"";"";
"31.08.2017 17:30";"25.4";"";"";"";"89";"Wind blowing from the east";"1";"";"";"60%.";" ";"";"";"";"28.5";"No Stratocumulus, Stratus, Cumulus or Cumulonimbus.";"60%.";"2500 or more, or no clouds.";"Altocumulus translucidus at a single level.";"Cirrus spissatus, in patches or entangled sheaves, which usually do not increase and sometimes seem to be the remains of the upper part of a Cumulonimbus; or Cirrus castellanus or floccus.";"4.0";"23.4";"";"";"";"";"";"";
"31.08.2017 08:30";"28.0";"";"";"";"89";"Wind blowing from the north";"1";"";"";"60%.";" ";"";"";"25.4";"";"No Stratocumulus, Stratus, Cumulus or Cumulonimbus.";"40%.";"2500 or more, or no clouds.";"Altocumulus translucidus at a single level.";"Cirrus fibratus, sometimes uncinus, not progressively invading the sky.";"4.0";"26.0";"";"";"";"";"";"";
"30.08.2017 17:30";"31.8";"";"";"";"80";"Wind blowing from the north";"1";"";"";"60%.";" ";"";"";"";"33.0";"No Stratocumulus, Stratus, Cumulus or Cumulonimbus.";"60%.";"2500 or more, or no clouds.";"Altocumulus translucidus at a single level.";"Cirrus fibratus, sometimes uncinus, not progressively invading the sky.";"4.0";"28.0";"";"";"";"";"";"";
"29.08.2017 17:30";"31.8";"";"";"";"84";"Wind blowing from the east";"2";"";"";"60%.";" ";"";"";"";"33.4";"Stratocumulus other than Stratocumulus cumulogenitus.";"40%.";"1000-1500";"Altocumulus translucidus at a single level.";"No Cirrus, Cirrocumulus or Cirrostratus.";"4.0";"28.8";"";"";"";"";"";"";
"28.08.2017 17:30";"31.8";"";"";"";"86";"Wind blowing from the north";"2";"";"";"70 – 80%.";" ";"";"";"";"32.8";"Stratocumulus other than Stratocumulus cumulogenitus.";"70 – 80%.";"1000-1500";"Altostratus translucidus.";"No Cirrus, Cirrocumulus or Cirrostratus.";"4.0";"29.1";"";"";"";"";"";"";
"28.08.2017 08:30";"29.0";"";"";"";"92";"Wind blowing from the north";"1";"";"";"60%.";" ";"";"";"24.7";"";"Cumulonimbus calvus, with or without Cumulus, Stratocumulus or Stratus.";"60%.";"1000-1500";"Altostratus opacus or Nimbostratus.";"No Cirrus, Cirrocumulus or Cirrostratus.";"4.0";"27.6";"";"";"";"";"";"";
"27.08.2017 17:30";"31.8";"";"";"";"86";"Wind blowing from the west";"1";"";"";"40%.";" ";"";"";"";"34.0";"Cumulus mediocris or congestus, with or without Cumulus of species fractus or humilis or Stratocumulus, all having their bases at the same level.";"40%.";"2000-2500";"Altostratus translucidus.";"No Cirrus, Cirrocumulus or Cirrostratus.";"4.0";"29.1";"";"";"";"";"";"";
"26.08.2017 08:30";"29.4";"";"";"";"82";"Wind blowing from the east";"1";"";"";"no clouds";" ";"";"";"24.2";"";"";"";"";"";"";"4.0";"26.0";"";"";"";"";"";"";
"25.08.2017 17:30";"28.2";"";"";"";"97";"Wind blowing from the north";"1";"";"";"60%.";" ";"";"";"";"29.8";"No Stratocumulus, Stratus, Cumulus or Cumulonimbus.";"60%.";"2500 or more, or no clouds.";"Patches (often lenticular) of Altocumulus translucidus, continually changing and occurring at one or more levels.";"";"4.0";"27.6";"";"";"";"";"";"";
"25.08.2017 08:30";"30.4";"";"";"";"86";"Wind blowing from the east";"1";"";"";"60%.";" ";"";"";"26.7";"";"No Stratocumulus, Stratus, Cumulus or Cumulonimbus.";"60%.";"2500 or more, or no clouds.";"Altocumulus translucidus at a single level.";"No Cirrus, Cirrocumulus or Cirrostratus.";"4.0";"27.7";"";"";"";"";"";"";
"24.08.2017 17:30";"31.8";"";"";"";"86";"Wind blowing from the north";"1";"";"";"90  or more, but not 100%";" ";"";"";"";"34.0";"Stratocumulus other than Stratocumulus cumulogenitus.";"20–30%.";"2500 or more, or no clouds.";"Altocumulus translucidus at a single level.";"No Cirrus, Cirrocumulus or Cirrostratus.";"4.0";"29.1";"";"";"";"";"";"";
"24.08.2017 08:30";"28.2";"";"";"";"87";"Wind blowing from the north";"1";"";"";"60%.";" ";"";"";"24.6";"";"Stratocumulus other than Stratocumulus cumulogenitus.";"20–30%.";"600-1000";"Altocumulus translucidus at a single level.";"No Cirrus, Cirrocumulus or Cirrostratus.";"4.0";"25.9";"";"";"";"";"";"";
"23.08.2017 17:30";"28.0";"";"";"";"95";"Wind blowing from the west";"1";"";"";"90  or more, but not 100%";" ";"";"";"";"29.8";"No Stratocumulus, Stratus, Cumulus or Cumulonimbus.";"90  or more, but not 100%";"2500 or more, or no clouds.";"No Altocumulus, Altostratus or Nimbostratus.";"Cirrostratus covering the whole sky.";"4.0";"27.1";"";"";"";"";"";"";
"23.08.2017 08:30";"29.0";"";"";"";"94";"Wind blowing from the east";"1";"";"";"60%.";" ";"";"";"26.7";"";"No Stratocumulus, Stratus, Cumulus or Cumulonimbus.";"60%.";"2500 or more, or no clouds.";"Altocumulus translucidus at a single level.";"Cirrus spissatus, in patches or entangled sheaves, which usually do not increase and sometimes seem to be the remains of the upper part of a Cumulonimbus; or Cirrus castellanus or floccus.";"4.0";"28.0";"";"";"";"";"";"";
"22.08.2017 17:30";"29.4";"";"";"";"90";"Wind blowing from the north";"1";"";"";"90  or more, but not 100%";" ";"";"";"";"29.6";"Stratocumulus other than Stratocumulus cumulogenitus.";"40%.";"600-1000";"Altocumulus translucidus at a single level.";"";"4.0";"27.5";"";"";"";"";"";"";
"22.08.2017 08:30";"31.8";"";"";"";"82";"Wind blowing from the east";"1";"";"";"60%.";" ";"";"";"27.2";"";"No Stratocumulus, Stratus, Cumulus or Cumulonimbus.";"60%.";"2500 or more, or no clouds.";"Altocumulus translucidus at a single level.";"Cirrus spissatus, in patches or entangled sheaves, which usually do not increase and sometimes seem to be the remains of the upper part of a Cumulonimbus; or Cirrus castellanus or floccus.";"4.0";"28.3";"";"";"";"";"";"";
"21.08.2017 17:30";"31.8";"";"";"";"86";"Wind blowing from the north";"1";"";"";"70 – 80%.";" ";"";"";"";"32.4";"Cumulus mediocris or congestus, with or without Cumulus of species fractus or humilis or Stratocumulus, all having their bases at the same level.";"70 – 80%.";"1000-1500";"Altocumulus translucidus at a single level.";"Cirrus fibratus, sometimes uncinus, not progressively invading the sky.";"4.0";"29.1";"";"";"";"";"";"";
"20.08.2017 17:30";"31.6";"";"";"";"86";"Wind blowing from the east";"1";"";"";"60%.";" ";"";"";"";"35.0";"No Stratocumulus, Stratus, Cumulus or Cumulonimbus.";"40%.";"2000-2500";"Altocumulus translucidus at a single level.";"Cirrus fibratus, sometimes uncinus, not progressively invading the sky.";"4.0";"28.9";"";"";"";"";"";"";
"19.08.2017 17:30";"28.8";"";"";"";"92";"Wind blowing from the east";"1";"";"";"60%.";" ";"";"";"";"29.4";"Stratocumulus other than Stratocumulus cumulogenitus.";"20–30%.";"600-1000";"Altocumulus translucidus at a single level.";"No Cirrus, Cirrocumulus or Cirrostratus.";"4.0";"27.3";"";"";"";"";"";"";
"19.08.2017 08:30";"30.8";"";"";"";"87";"Wind blowing from the east";"1";"";"";"100%.";" ";"";"";"27.7";"";"Cumulonimbus calvus, with or without Cumulus, Stratocumulus or Stratus.";"60%.";"600-1000";"Altocumulus translucidus at a single level.";"No Cirrus, Cirrocumulus or Cirrostratus.";"4.0";"28.3";"";"";"";"";"";"";
"18.08.2017 17:30";"31.8";"";"";"";"89";"Wind blowing from the west";"1";"";"";"50%.";" ";"";"";"";"35.8";"";"";"2500 or more, or no clouds.";"";"";"4.0";"29.8";"";"";"";"";"";"";
"17.08.2017 17:30";"31.8";"";"";"";"86";"Wind blowing from the west";"1";"";"";"20–30%.";" ";"";"";"";"";"No Stratocumulus, Stratus, Cumulus or Cumulonimbus.";"20–30%.";"2000-2500";"Altocumulus translucidus at a single level.";"No Cirrus, Cirrocumulus or Cirrostratus.";"4.0";"29.1";"";"";"";"";"";"";
"17.08.2017 08:30";"30.4";"";"";"";"80";"Wind blowing from the south";"1";"";"";"20–30%.";" ";"";"";"26.8";"";"No Stratocumulus, Stratus, Cumulus or Cumulonimbus.";"40%.";"2500 or more, or no clouds.";"Altocumulus translucidus at a single level.";"No Cirrus, Cirrocumulus or Cirrostratus.";"4.0";"26.5";"";"";"";"";"";"";
"16.08.2017 17:30";"31.8";"";"";"";"86";"Wind blowing from the west";"1";"";"";"10%  or less, but not 0";" ";"";"";"";"35.0";"No Stratocumulus, Stratus, Cumulus or Cumulonimbus.";"no clouds";"2500 or more, or no clouds.";"No Altocumulus, Altostratus or Nimbostratus.";"Cirrus fibratus, sometimes uncinus, not progressively invading the sky.";"4.0";"29.1";"";"";"";"";"";"";
"16.08.2017 08:30";"30.4";"";"";"";"80";"Wind blowing from the west";"1";"";"";"70 – 80%.";" ";"";"";"26.2";"";"Stratocumulus other than Stratocumulus cumulogenitus.";"40%.";"600-1000";"Altocumulus translucidus at a single level.";"No Cirrus, Cirrocumulus or Cirrostratus.";"4.0";"26.5";"";"";"";"";"";"";
"15.08.2017 17:30";"31.8";"";"";"";"85";"Wind blowing from the west";"1";"";"";"70 – 80%.";" ";"";"";"";"34.0";"Stratocumulus other than Stratocumulus cumulogenitus.";"50%.";"600-1000";"Altocumulus translucidus at a single level.";"No Cirrus, Cirrocumulus or Cirrostratus.";"4.0";"29.0";"";"";"";"";"";"";
"15.08.2017 08:30";"30.2";"";"";"";"77";"Wind blowing from the south";"1";"";"";"90  or more, but not 100%";" ";"";"";"26.7";"";"Cumulus mediocris or congestus, with or without Cumulus of species fractus or humilis or Stratocumulus, all having their bases at the same level.";"60%.";"1000-1500";"Altocumulus translucidus at a single level.";"No Cirrus, Cirrocumulus or Cirrostratus.";"4.0";"25.7";"";"";"";"";"";"";
"14.08.2017 17:30";"34.4";"";"";"";"76";"Wind blowing from the east";"1";"";"";"60%.";" ";"";"";"";"35.0";"Stratocumulus other than Stratocumulus cumulogenitus.";"40%.";"1000-1500";"Altocumulus translucidus at a single level.";"No Cirrus, Cirrocumulus or Cirrostratus.";"4.0";"29.6";"";"";"";"";"";"";
"14.08.2017 08:30";"30.0";"";"";"";"74";"Wind blowing from the south";"1";"";"";"90  or more, but not 100%";" ";"";"";"25.7";"";"No Stratocumulus, Stratus, Cumulus or Cumulonimbus.";"50%.";"2500 or more, or no clouds.";"Altocumulus translucidus at a single level.";"Cirrus fibratus, sometimes uncinus, not progressively invading the sky.";"4.0";"24.9";"";"";"";"";"";"";
"13.08.2017 17:30";"31.8";"";"";"";"86";"Wind blowing from the south";"1";"";"";"50%.";" ";"";"";"";"34.4";"Stratocumulus other than Stratocumulus cumulogenitus.";"20–30%.";"600-1000";"Altocumulus translucidus at a single level.";"No Cirrus, Cirrocumulus or Cirrostratus.";"4.0";"29.1";"";"";"";"";"";"";
"13.08.2017 08:30";"30.0";"";"";"";"83";"Wind blowing from the south";"1";"";"";"60%.";" ";"";"";"26.2";"";"Stratocumulus cumulogenitus.";"40%.";"600-1000";"Altostratus opacus or Nimbostratus.";"No Cirrus, Cirrocumulus or Cirrostratus.";"4.0";"26.9";"";"";"";"";"";"";
"12.08.2017 17:30";"31.8";"";"";"";"85";"Wind blowing from the west";"1";"";"";"60%.";" ";"";"";"";"35.0";"Stratocumulus other than Stratocumulus cumulogenitus.";"20–30%.";"1000-1500";"Altocumulus translucidus at a single level.";"No Cirrus, Cirrocumulus or Cirrostratus.";"4.0";"29.0";"";"";"";"";"";"";
"12.08.2017 08:30";"30.0";"";"";"";"78";"Wind blowing from the west";"2";"";"";"90  or more, but not 100%";" ";"";"";"26.7";"";"Stratocumulus other than Stratocumulus cumulogenitus.";"20–30%.";"600-1000";"Altocumulus translucidus at a single level.";"No Cirrus, Cirrocumulus or Cirrostratus.";"4.0";"25.8";"";"";"";"";"";"";
"11.08.2017 17:30";"31.8";"";"";"";"80";"Wind blowing from the west";"1";"";"";"60%.";" ";"";"";"";"35.0";"Stratocumulus other than Stratocumulus cumulogenitus.";"20–30%.";"600-1000";"Altocumulus translucidus at a single level.";"No Cirrus, Cirrocumulus or Cirrostratus.";"4.0";"28.0";"";"";"";"";"";"";
"11.08.2017 08:30";"29.8";"";"";"";"80";"Wind blowing from the west";"2";"";"";"90  or more, but not 100%";" ";"";"";"26.9";"";"Cumulus mediocris or congestus, with or without Cumulus of species fractus or humilis or Stratocumulus, all having their bases at the same level.";"60%.";"600-1000";"Altocumulus translucidus at a single level.";"No Cirrus, Cirrocumulus or Cirrostratus.";"4.0";"25.9";"";"";"";"";"";"";
"10.08.2017 17:30";"31.8";"";"";"";"56";"Wind blowing from the west";"1";"";"";"70 – 80%.";" ";"";"";"";"35.0";"Cumulus and Stratocumulus other than Stratocumulus cumulogenitus, with bases at different levels.";"20–30%.";"600-1000";"Altocumulus translucidus at a single level.";"No Cirrus, Cirrocumulus or Cirrostratus.";"4.0";"21.9";"";"";"";"";"";"";
"10.08.2017 08:30";"29.0";"";"";"";"88";"Wind blowing from the west";"1";"";"";"90  or more, but not 100%";" ";"";"";"26.2";"";"Stratocumulus other than Stratocumulus cumulogenitus.";"40%.";"600-1000";"Altocumulus translucidus at a single level.";"No Cirrus, Cirrocumulus or Cirrostratus.";"4.0";"26.8";"";"";"";"";"";"";
"09.08.2017 17:30";"28.4";"";"";"";"97";"Wind blowing from the west";"1";"";"";"70 – 80%.";" ";"";"";"";"34.0";"Stratocumulus cumulogenitus.";"60%.";"600-1000";"Altocumulus translucidus at a single level.";"Cirrus fibratus, sometimes uncinus, not progressively invading the sky.";"4.0";"27.9";"";"";"";"";"";"";
"08.08.2017 17:30";"29.2";"";"";"";"98";"Wind blowing from the west";"1";"";"";"70 – 80%.";"Rain, not freezing, intermittent, slight at time of observation. ";"Rain.";"Cloud covering more than 1/2 of the sky throughout the appropriate period.";"";"34.0";"Stratocumulus other than Stratocumulus cumulogenitus.";"20–30%.";"600-1000";"Altocumulus translucidus at a single level.";"No Cirrus, Cirrocumulus or Cirrostratus.";"4.0";"28.9";"";"";"";"";"";"";
"07.08.2017 17:30";"31.4";"";"";"";"86";"Wind blowing from the west";"1";"";"";"100%.";" ";"";"";"";"35.0";"Cumulonimbus calvus, with or without Cumulus, Stratocumulus or Stratus.";"90  or more, but not 100%";"600-1000";"Altocumulus translucidus at a single level.";"";"4.0";"28.7";"";"";"";"";"";"";
"06.08.2017 17:30";"34.0";"";"";"";"60";"Wind blowing from the west";"2";"";"";"100%.";" ";"";"";"";"36.0";"Stratocumulus cumulogenitus.";"70 – 80%.";"600-1000";"Altostratus opacus or Nimbostratus.";"No Cirrus, Cirrocumulus or Cirrostratus.";"4.0";"25.3";"";"";"";"";"";"";
"05.08.2017 17:30";"35.0";"";"";"";"56";"Wind blowing from the west";"1";"";"";"60%.";" ";"";"";"";"35.0";"No Stratocumulus, Stratus, Cumulus or Cumulonimbus.";"40%.";"2500 or more, or no clouds.";"Altocumulus translucidus at a single level.";"Cirrus fibratus, sometimes uncinus, not progressively invading the sky.";"4.0";"24.9";"";"";"";"";"";"";
"05.08.2017 08:30";"30.0";"";"";"";"74";"Wind blowing from the west";"2";"";"";"90  or more, but not 100%";" ";"";"";"25.7";"";"No Stratocumulus, Stratus, Cumulus or Cumulonimbus.";"20–30%.";"2000-2500";"Altocumulus translucidus at a single level.";"Cirrus fibratus, sometimes uncinus, not progressively invading the sky.";"4.0";"24.9";"";"";"";"";"";"";
"04.08.2017 17:30";"32.8";"";"";"";"64";"Wind blowing from the west";"1";"";"";"100%.";" ";"";"";"";"34.4";"Stratocumulus other than Stratocumulus cumulogenitus.";"40%.";"600-1000";"Altostratus opacus or Nimbostratus.";"";"4.0";"25.0";"";"";"";"";"";"";
"04.08.2017 08:30";"28.0";"";"";"";"82";"Wind blowing from the west";"2";"";"";"90  or more, but not 100%";" ";"";"";"25.4";"";"Stratocumulus other than Stratocumulus cumulogenitus.";"50%.";"1000-1500";"Altocumulus translucidus at a single level.";"No Cirrus, Cirrocumulus or Cirrostratus.";"4.0";"24.6";"";"";"";"";"";"";
"03.08.2017 17:30";"31.8";"";"";"";"76";"Wind blowing from the west";"2";"";"";"40%.";" ";"";"";"";"34.3";"No Stratocumulus, Stratus, Cumulus or Cumulonimbus.";"40%.";"2500 or more, or no clouds.";"Altocumulus translucidus at a single level.";"No Cirrus, Cirrocumulus or Cirrostratus.";"4.0";"27.1";"";"";"";"";"";"";
"03.08.2017 08:30";"28.6";"";"";"";"83";"Wind blowing from the west";"2";"";"";"90  or more, but not 100%";"Haze. ";"Cloud covering more than 1/2 of the sky throughout the appropriate period.";"Cloud covering more than 1/2 of the sky throughout the appropriate period.";"25.7";"";"Stratocumulus other than Stratocumulus cumulogenitus.";"20–30%.";"1000-1500";"Altocumulus translucidus at a single level.";"No Cirrus, Cirrocumulus or Cirrostratus.";"4.0";"25.5";"";"";"";"";"";"";
"02.08.2017 17:30";"30.8";"";"";"";"72";"Wind blowing from the south";"1";"";"";"90  or more, but not 100%";" ";"";"";"";"31.2";"Stratocumulus other than Stratocumulus cumulogenitus.";"20–30%.";"1000-1500";"Altocumulus translucidus at a single level.";"Cirrus fibratus, sometimes uncinus, not progressively invading the sky.";"4.0";"25.1";"";"";"";"";"";"";
"02.08.2017 08:30";"27.0";"";"";"";"95";"Wind blowing from the south";"1";"";"";"70 – 80%.";"Rain, not freezing, intermittent, slight at time of observation. ";"Rain.";"Cloud covering more than 1/2 of the sky throughout the appropriate period.";"25.8";"";"Stratocumulus cumulogenitus.";"40%.";"600-1000";"Altocumulus translucidus at a single level.";"No Cirrus, Cirrocumulus or Cirrostratus.";"4.0";"26.2";"";"";"";"";"";"";
"01.08.2017 17:30";"28.8";"";"";"";"86";"Wind blowing from the west";"2";"";"";"70 – 80%.";" ";"";"";"";"30.6";"Stratocumulus other than Stratocumulus cumulogenitus.";"50%.";"600-1000";"Altocumulus translucidus at a single level.";"No Cirrus, Cirrocumulus or Cirrostratus.";"4.0";"26.3";"";"";"";"";"";"";
"01.08.2017 08:30";"26.8";"";"";"";"97";"Wind blowing from the south";"1";"";"";"100%.";"Rain, not freezing, intermittent, slight at time of observation. ";"Rain.";"Cloud covering more than 1/2 of the sky throughout the appropriate period.";"25.2";"";"Stratocumulus other than Stratocumulus cumulogenitus.";"60%.";"600-1000";"Altostratus opacus or Nimbostratus.";"";"2.0";"26.2";"";"";"";"";"";"";
"31.07.2017 17:30";"27.2";"";"";"";"98";"Wind blowing from the north";"2";"";"";"90  or more, but not 100%";"Rain, not freezing, intermittent, slight at time of observation. ";"Rain.";"Cloud covering more than 1/2 of the sky throughout the appropriate period.";"";"";"Stratocumulus other than Stratocumulus cumulogenitus.";"50%.";"600-1000";"Altocumulus translucidus at a single level.";"No Cirrus, Cirrocumulus or Cirrostratus.";"1.0";"26.9";"";"";"";"";"";"";
"31.07.2017 08:30";"27.8";"";"";"";"94";"Wind blowing from the west";"2";"";"";"90  or more, but not 100%";" ";"";"";"26.4";"";"Stratocumulus other than Stratocumulus cumulogenitus.";"70 – 80%.";"600-1000";"Altocumulus translucidus at a single level.";"No Cirrus, Cirrocumulus or Cirrostratus.";"2.0";"26.7";"";"";"";"";"";"";
